http://stko-kwg.geog.ucsb.edu/lod/resource/noaaClimateDiv.1001,1001
http://stko-kwg.geog.ucsb.edu/lod/resource/noaaClimateDiv.1002,1002
http://stko-kwg.geog.ucsb.edu/lod/resource/noaaClimateDiv.1003,1003
http://stko-kwg.geog.ucsb.edu/lod/resource/noaaClimateDiv.1004,1004
http://stko-kwg.geog.ucsb.edu/lod/resource/noaaClimateDiv.1005,1005
http://stko-kwg.geog.ucsb.edu/lod/resource/noaaClimateDiv.1006,1006
http://stko-kwg.geog.ucsb.edu/lod/resource/noaaClimateDiv.1007,1007
http://stko-kwg.geog.ucsb.edu/lod/resource/noaaClimateDiv.1008,1008
http://stko-kwg.geog.ucsb.edu/lod/resource/noaaClimateDiv.1009,1009
http://stko-kwg.geog.ucsb.edu/lod/resource/noaaClimateDiv.101,101
http://stko-kwg.geog.ucsb.edu/lod/resource/noaaClimateDiv.1010,1010
http://stko-kwg.geog.ucsb.edu/lod/resource/noaaClimateDiv.102,102
http://stko-kwg.geog.ucsb.edu/lod/resource/noaaClimateDiv.103,103
http://stko-kwg.geog.ucsb.edu/lod/resource/noaaClimateDiv.104,104
http://stko-kwg.geog.ucsb.edu/lod/resource/noaaClimateDiv.105,105
http://stko-kwg.geog.ucsb.edu/lod/resource/noaaClimateDiv.106,106
http://stko-kwg.geog.ucsb.edu/lod/resource/noaaClimateDiv.107,107
http://stko-kwg.geog.ucsb.edu/lod/resource/noaaClimateDiv.108,108
http://stko-kwg.geog.ucsb.edu/lod/resource/noaaClimateDiv.1101,1101
http://stko-kwg.geog.ucsb.edu/lod/resource/noaaClimateDiv.1102,1102
http://stko-kwg.geog.ucsb.edu/lod/resource/noaaClimateDiv.1103,1103
http://stko-kwg.geog.ucsb.edu/lod/resource/noaaClimateDiv.1104,1104
http://stko-kwg.geog.ucsb.edu/lod/resource/noaaClimateDiv.1105,1105
http://stko-kwg.geog.ucsb.edu/lod/resource/noaaClimateDiv.1106,1106
http://stko-kwg.geog.ucsb.edu/lod/resource/noaaClimateDiv.1107,1107
http://stko-kwg.geog.ucsb.edu/lod/resource/noaaClimateDiv.1108,1108
http://stko-kwg.geog.ucsb.edu/lod/resource/noaaClimateDiv.1109,1109
http://stko-kwg.geog.ucsb.edu/lod/resource/noaaClimateDiv.1201,1201
http://stko-kwg.geog.ucsb.edu/lod/resource/noaaClimateDiv.1202,1202
http://stko-kwg.geog.ucsb.edu/lod/resource/noaaClimateDiv.1203,1203
http://stko-kwg.geog.ucsb.edu/lod/resource/noaaClimateDiv.1204,1204
http://stko-kwg.geog.ucsb.edu/lod/resource/noaaClimateDiv.1205,1205
http://stko-kwg.geog.ucsb.edu/lod/resource/noaaClimateDiv.1206,1206
http://stko-kwg.geog.ucsb.edu/lod/resource/noaaClimateDiv.1207,1207
http://stko-kwg.geog.ucsb.edu/lod/resource/noaaClimateDiv.1208,1208
http://stko-kwg.geog.ucsb.edu/lod/resource/noaaClimateDiv.1209,1209
http://stko-kwg.geog.ucsb.edu/lod/resource/noaaClimateDiv.1301,1301
http://stko-kwg.geog.ucsb.edu/lod/resource/noaaClimateDiv.1302,1302
http://stko-kwg.geog.ucsb.edu/lod/resource/noaaClimateDiv.1303,1303
http://stko-kwg.geog.ucsb.edu/lod/resource/noaaClimateDiv.1304,1304
http://stko-kwg.geog.ucsb.edu/lod/resource/noaaClimateDiv.1305,1305
http://stko-kwg.geog.ucsb.edu/lod/resource/noaaClimateDiv.1306,1306
http://stko-kwg.geog.ucsb.edu/lod/resource/noaaClimateDiv.1307,1307
http://stko-kwg.geog.ucsb.edu/lod/resource/noaaClimateDiv.1308,1308
http://stko-kwg.geog.ucsb.edu/lod/resource/noaaClimateDiv.1309,1309
http://stko-kwg.geog.ucsb.edu/lod/resource/noaaClimateDiv.1401,1401
http://stko-kwg.geog.ucsb.edu/lod/resource/noaaClimateDiv.1402,1402
http://stko-kwg.geog.ucsb.edu/lod/resource/noaaClimateDiv.1403,1403
http://stko-kwg.geog.ucsb.edu/lod/resource/noaaClimateDiv.1404,1404
http://stko-kwg.geog.ucsb.edu/lod/resource/noaaClimateDiv.1405,1405
http://stko-kwg.geog.ucsb.edu/lod/resource/noaaClimateDiv.1406,1406
http://stko-kwg.geog.ucsb.edu/lod/resource/noaaClimateDiv.1407,1407
http://stko-kwg.geog.ucsb.edu/lod/resource/noaaClimateDiv.1408,1408
http://stko-kwg.geog.ucsb.edu/lod/resource/noaaClimateDiv.1409,1409
http://stko-kwg.geog.ucsb.edu/lod/resource/noaaClimateDiv.1501,1501
http://stko-kwg.geog.ucsb.edu/lod/resource/noaaClimateDiv.1502,1502
http://stko-kwg.geog.ucsb.edu/lod/resource/noaaClimateDiv.1503,1503
http://stko-kwg.geog.ucsb.edu/lod/resource/noaaClimateDiv.1504,1504
http://stko-kwg.geog.ucsb.edu/lod/resource/noaaClimateDiv.1601,1601
http://stko-kwg.geog.ucsb.edu/lod/resource/noaaClimateDiv.1602,1602
http://stko-kwg.geog.ucsb.edu/lod/resource/noaaClimateDiv.1603,1603
http://stko-kwg.geog.ucsb.edu/lod/resource/noaaClimateDiv.1604,1604
http://stko-kwg.geog.ucsb.edu/lod/resource/noaaClimateDiv.1605,1605
http://stko-kwg.geog.ucsb.edu/lod/resource/noaaClimateDiv.1606,1606
http://stko-kwg.geog.ucsb.edu/lod/resource/noaaClimateDiv.1607,1607
http://stko-kwg.geog.ucsb.edu/lod/resource/noaaClimateDiv.1608,1608
http://stko-kwg.geog.ucsb.edu/lod/resource/noaaClimateDiv.1609,1609
http://stko-kwg.geog.ucsb.edu/lod/resource/noaaClimateDiv.1701,1701
http://stko-kwg.geog.ucsb.edu/lod/resource/noaaClimateDiv.1702,1702
http://stko-kwg.geog.ucsb.edu/lod/resource/noaaClimateDiv.1703,1703
http://stko-kwg.geog.ucsb.edu/lod/resource/noaaClimateDiv.1801,1801
http://stko-kwg.geog.ucsb.edu/lod/resource/noaaClimateDiv.1802,1802
http://stko-kwg.geog.ucsb.edu/lod/resource/noaaClimateDiv.1803,1803
http://stko-kwg.geog.ucsb.edu/lod/resource/noaaClimateDiv.1804,1804
http://stko-kwg.geog.ucsb.edu/lod/resource/noaaClimateDiv.1805,1805
http://stko-kwg.geog.ucsb.edu/lod/resource/noaaClimateDiv.1806,1806
http://stko-kwg.geog.ucsb.edu/lod/resource/noaaClimateDiv.1807,1807
http://stko-kwg.geog.ucsb.edu/lod/resource/noaaClimateDiv.1808,1808
http://stko-kwg.geog.ucsb.edu/lod/resource/noaaClimateDiv.1901,1901
http://stko-kwg.geog.ucsb.edu/lod/resource/noaaClimateDiv.1902,1902
http://stko-kwg.geog.ucsb.edu/lod/resource/noaaClimateDiv.1903,1903
http://stko-kwg.geog.ucsb.edu/lod/resource/noaaClimateDiv.2001,2001
http://stko-kwg.geog.ucsb.edu/lod/resource/noaaClimateDiv.2002,2002
http://stko-kwg.geog.ucsb.edu/lod/resource/noaaClimateDiv.2003,2003
http://stko-kwg.geog.ucsb.edu/lod/resource/noaaClimateDiv.2004,2004
http://stko-kwg.geog.ucsb.edu/lod/resource/noaaClimateDiv.2005,2005
http://stko-kwg.geog.ucsb.edu/lod/resource/noaaClimateDiv.2006,2006
http://stko-kwg.geog.ucsb.edu/lod/resource/noaaClimateDiv.2007,2007
http://stko-kwg.geog.ucsb.edu/lod/resource/noaaClimateDiv.2008,2008
http://stko-kwg.geog.ucsb.edu/lod/resource/noaaClimateDiv.2009,2009
http://stko-kwg.geog.ucsb.edu/lod/resource/noaaClimateDiv.201,201
http://stko-kwg.geog.ucsb.edu/lod/resource/noaaClimateDiv.2010,2010
http://stko-kwg.geog.ucsb.edu/lod/resource/noaaClimateDiv.202,202
http://stko-kwg.geog.ucsb.edu/lod/resource/noaaClimateDiv.203,203
http://stko-kwg.geog.ucsb.edu/lod/resource/noaaClimateDiv.204,204
http://stko-kwg.geog.ucsb.edu/lod/resource/noaaClimateDiv.205,205
http://stko-kwg.geog.ucsb.edu/lod/resource/noaaClimateDiv.206,206
http://stko-kwg.geog.ucsb.edu/lod/resource/noaaClimateDiv.207,207
http://stko-kwg.geog.ucsb.edu/lod/resource/noaaClimateDiv.2101,2101
http://stko-kwg.geog.ucsb.edu/lod/resource/noaaClimateDiv.2102,2102
http://stko-kwg.geog.ucsb.edu/lod/resource/noaaClimateDiv.2103,2103
http://stko-kwg.geog.ucsb.edu/lod/resource/noaaClimateDiv.2104,2104
http://stko-kwg.geog.ucsb.edu/lod/resource/noaaClimateDiv.2105,2105
http://stko-kwg.geog.ucsb.edu/lod/resource/noaaClimateDiv.2106,2106
http://stko-kwg.geog.ucsb.edu/lod/resource/noaaClimateDiv.2107,2107
http://stko-kwg.geog.ucsb.edu/lod/resource/noaaClimateDiv.2108,2108
http://stko-kwg.geog.ucsb.edu/lod/resource/noaaClimateDiv.2109,2109
http://stko-kwg.geog.ucsb.edu/lod/resource/noaaClimateDiv.2201,2201
http://stko-kwg.geog.ucsb.edu/lod/resource/noaaClimateDiv.2202,2202
http://stko-kwg.geog.ucsb.edu/lod/resource/noaaClimateDiv.2203,2203
http://stko-kwg.geog.ucsb.edu/lod/resource/noaaClimateDiv.2204,2204
http://stko-kwg.geog.ucsb.edu/lod/resource/noaaClimateDiv.2205,2205
http://stko-kwg.geog.ucsb.edu/lod/resource/noaaClimateDiv.2206,2206
http://stko-kwg.geog.ucsb.edu/lod/resource/noaaClimateDiv.2207,2207
http://stko-kwg.geog.ucsb.edu/lod/resource/noaaClimateDiv.2208,2208
http://stko-kwg.geog.ucsb.edu/lod/resource/noaaClimateDiv.2209,2209
http://stko-kwg.geog.ucsb.edu/lod/resource/noaaClimateDiv.2210,2210
http://stko-kwg.geog.ucsb.edu/lod/resource/noaaClimateDiv.2301,2301
http://stko-kwg.geog.ucsb.edu/lod/resource/noaaClimateDiv.2302,2302
http://stko-kwg.geog.ucsb.edu/lod/resource/noaaClimateDiv.2303,2303
http://stko-kwg.geog.ucsb.edu/lod/resource/noaaClimateDiv.2304,2304
http://stko-kwg.geog.ucsb.edu/lod/resource/noaaClimateDiv.2305,2305
http://stko-kwg.geog.ucsb.edu/lod/resource/noaaClimateDiv.2306,2306
http://stko-kwg.geog.ucsb.edu/lod/resource/noaaClimateDiv.2401,2401
http://stko-kwg.geog.ucsb.edu/lod/resource/noaaClimateDiv.2402,2402
http://stko-kwg.geog.ucsb.edu/lod/resource/noaaClimateDiv.2403,2403
http://stko-kwg.geog.ucsb.edu/lod/resource/noaaClimateDiv.2404,2404
http://stko-kwg.geog.ucsb.edu/lod/resource/noaaClimateDiv.2405,2405
http://stko-kwg.geog.ucsb.edu/lod/resource/noaaClimateDiv.2406,2406
http://stko-kwg.geog.ucsb.edu/lod/resource/noaaClimateDiv.2407,2407
http://stko-kwg.geog.ucsb.edu/lod/resource/noaaClimateDiv.2501,2501
http://stko-kwg.geog.ucsb.edu/lod/resource/noaaClimateDiv.2502,2502
http://stko-kwg.geog.ucsb.edu/lod/resource/noaaClimateDiv.2503,2503
http://stko-kwg.geog.ucsb.edu/lod/resource/noaaClimateDiv.2505,2505
http://stko-kwg.geog.ucsb.edu/lod/resource/noaaClimateDiv.2506,2506
http://stko-kwg.geog.ucsb.edu/lod/resource/noaaClimateDiv.2507,2507
http://stko-kwg.geog.ucsb.edu/lod/resource/noaaClimateDiv.2508,2508
http://stko-kwg.geog.ucsb.edu/lod/resource/noaaClimateDiv.2509,2509
http://stko-kwg.geog.ucsb.edu/lod/resource/noaaClimateDiv.2601,2601
http://stko-kwg.geog.ucsb.edu/lod/resource/noaaClimateDiv.2602,2602
http://stko-kwg.geog.ucsb.edu/lod/resource/noaaClimateDiv.2603,2603
http://stko-kwg.geog.ucsb.edu/lod/resource/noaaClimateDiv.2604,2604
http://stko-kwg.geog.ucsb.edu/lod/resource/noaaClimateDiv.2701,2701
http://stko-kwg.geog.ucsb.edu/lod/resource/noaaClimateDiv.2702,2702
http://stko-kwg.geog.ucsb.edu/lod/resource/noaaClimateDiv.2801,2801
http://stko-kwg.geog.ucsb.edu/lod/resource/noaaClimateDiv.2802,2802
http://stko-kwg.geog.ucsb.edu/lod/resource/noaaClimateDiv.2803,2803
http://stko-kwg.geog.ucsb.edu/lod/resource/noaaClimateDiv.2901,2901
http://stko-kwg.geog.ucsb.edu/lod/resource/noaaClimateDiv.2902,2902
http://stko-kwg.geog.ucsb.edu/lod/resource/noaaClimateDiv.2903,2903
http://stko-kwg.geog.ucsb.edu/lod/resource/noaaClimateDiv.2904,2904
http://stko-kwg.geog.ucsb.edu/lod/resource/noaaClimateDiv.2905,2905
http://stko-kwg.geog.ucsb.edu/lod/resource/noaaClimateDiv.2906,2906
http://stko-kwg.geog.ucsb.edu/lod/resource/noaaClimateDiv.2907,2907
http://stko-kwg.geog.ucsb.edu/lod/resource/noaaClimateDiv.2908,2908
http://stko-kwg.geog.ucsb.edu/lod/resource/noaaClimateDiv.3001,3001
http://stko-kwg.geog.ucsb.edu/lod/resource/noaaClimateDiv.3002,3002
http://stko-kwg.geog.ucsb.edu/lod/resource/noaaClimateDiv.3003,3003
http://stko-kwg.geog.ucsb.edu/lod/resource/noaaClimateDiv.3004,3004
http://stko-kwg.geog.ucsb.edu/lod/resource/noaaClimateDiv.3005,3005
http://stko-kwg.geog.ucsb.edu/lod/resource/noaaClimateDiv.3006,3006
http://stko-kwg.geog.ucsb.edu/lod/resource/noaaClimateDiv.3007,3007
http://stko-kwg.geog.ucsb.edu/lod/resource/noaaClimateDiv.3008,3008
http://stko-kwg.geog.ucsb.edu/lod/resource/noaaClimateDiv.3009,3009
http://stko-kwg.geog.ucsb.edu/lod/resource/noaaClimateDiv.301,301
http://stko-kwg.geog.ucsb.edu/lod/resource/noaaClimateDiv.3010,3010
http://stko-kwg.geog.ucsb.edu/lod/resource/noaaClimateDiv.302,302
http://stko-kwg.geog.ucsb.edu/lod/resource/noaaClimateDiv.303,303
http://stko-kwg.geog.ucsb.edu/lod/resource/noaaClimateDiv.304,304
http://stko-kwg.geog.ucsb.edu/lod/resource/noaaClimateDiv.305,305
http://stko-kwg.geog.ucsb.edu/lod/resource/noaaClimateDiv.306,306
http://stko-kwg.geog.ucsb.edu/lod/resource/noaaClimateDiv.307,307
http://stko-kwg.geog.ucsb.edu/lod/resource/noaaClimateDiv.308,308
http://stko-kwg.geog.ucsb.edu/lod/resource/noaaClimateDiv.309,309
http://stko-kwg.geog.ucsb.edu/lod/resource/noaaClimateDiv.3101,3101
http://stko-kwg.geog.ucsb.edu/lod/resource/noaaClimateDiv.3102,3102
http://stko-kwg.geog.ucsb.edu/lod/resource/noaaClimateDiv.3103,3103
http://stko-kwg.geog.ucsb.edu/lod/resource/noaaClimateDiv.3104,3104
http://stko-kwg.geog.ucsb.edu/lod/resource/noaaClimateDiv.3105,3105
http://stko-kwg.geog.ucsb.edu/lod/resource/noaaClimateDiv.3106,3106
http://stko-kwg.geog.ucsb.edu/lod/resource/noaaClimateDiv.3107,3107
http://stko-kwg.geog.ucsb.edu/lod/resource/noaaClimateDiv.3108,3108
http://stko-kwg.geog.ucsb.edu/lod/resource/noaaClimateDiv.3201,3201
http://stko-kwg.geog.ucsb.edu/lod/resource/noaaClimateDiv.3202,3202
http://stko-kwg.geog.ucsb.edu/lod/resource/noaaClimateDiv.3203,3203
http://stko-kwg.geog.ucsb.edu/lod/resource/noaaClimateDiv.3204,3204
http://stko-kwg.geog.ucsb.edu/lod/resource/noaaClimateDiv.3205,3205
http://stko-kwg.geog.ucsb.edu/lod/resource/noaaClimateDiv.3206,3206
http://stko-kwg.geog.ucsb.edu/lod/resource/noaaClimateDiv.3207,3207
http://stko-kwg.geog.ucsb.edu/lod/resource/noaaClimateDiv.3208,3208
http://stko-kwg.geog.ucsb.edu/lod/resource/noaaClimateDiv.3209,3209
http://stko-kwg.geog.ucsb.edu/lod/resource/noaaClimateDiv.3301,3301
http://stko-kwg.geog.ucsb.edu/lod/resource/noaaClimateDiv.3302,3302
http://stko-kwg.geog.ucsb.edu/lod/resource/noaaClimateDiv.3303,3303
http://stko-kwg.geog.ucsb.edu/lod/resource/noaaClimateDiv.3304,3304
http://stko-kwg.geog.ucsb.edu/lod/resource/noaaClimateDiv.3305,3305
http://stko-kwg.geog.ucsb.edu/lod/resource/noaaClimateDiv.3306,3306
http://stko-kwg.geog.ucsb.edu/lod/resource/noaaClimateDiv.3307,3307
http://stko-kwg.geog.ucsb.edu/lod/resource/noaaClimateDiv.3308,3308
http://stko-kwg.geog.ucsb.edu/lod/resource/noaaClimateDiv.3309,3309
http://stko-kwg.geog.ucsb.edu/lod/resource/noaaClimateDiv.3310,3310
http://stko-kwg.geog.ucsb.edu/lod/resource/noaaClimateDiv.3401,3401
http://stko-kwg.geog.ucsb.edu/lod/resource/noaaClimateDiv.3402,3402
http://stko-kwg.geog.ucsb.edu/lod/resource/noaaClimateDiv.3403,3403
http://stko-kwg.geog.ucsb.edu/lod/resource/noaaClimateDiv.3404,3404
http://stko-kwg.geog.ucsb.edu/lod/resource/noaaClimateDiv.3405,3405
http://stko-kwg.geog.ucsb.edu/lod/resource/noaaClimateDiv.3406,3406
http://stko-kwg.geog.ucsb.edu/lod/resource/noaaClimateDiv.3407,3407
http://stko-kwg.geog.ucsb.edu/lod/resource/noaaClimateDiv.3408,3408
http://stko-kwg.geog.ucsb.edu/lod/resource/noaaClimateDiv.3409,3409
http://stko-kwg.geog.ucsb.edu/lod/resource/noaaClimateDiv.3501,3501
http://stko-kwg.geog.ucsb.edu/lod/resource/noaaClimateDiv.3502,3502
http://stko-kwg.geog.ucsb.edu/lod/resource/noaaClimateDiv.3503,3503
http://stko-kwg.geog.ucsb.edu/lod/resource/noaaClimateDiv.3504,3504
http://stko-kwg.geog.ucsb.edu/lod/resource/noaaClimateDiv.3505,3505
http://stko-kwg.geog.ucsb.edu/lod/resource/noaaClimateDiv.3506,3506
http://stko-kwg.geog.ucsb.edu/lod/resource/noaaClimateDiv.3507,3507
http://stko-kwg.geog.ucsb.edu/lod/resource/noaaClimateDiv.3508,3508
http://stko-kwg.geog.ucsb.edu/lod/resource/noaaClimateDiv.3509,3509
http://stko-kwg.geog.ucsb.edu/lod/resource/noaaClimateDiv.3601,3601
http://stko-kwg.geog.ucsb.edu/lod/resource/noaaClimateDiv.3602,3602
http://stko-kwg.geog.ucsb.edu/lod/resource/noaaClimateDiv.3603,3603
http://stko-kwg.geog.ucsb.edu/lod/resource/noaaClimateDiv.3604,3604
http://stko-kwg.geog.ucsb.edu/lod/resource/noaaClimateDiv.3605,3605
http://stko-kwg.geog.ucsb.edu/lod/resource/noaaClimateDiv.3606,3606
http://stko-kwg.geog.ucsb.edu/lod/resource/noaaClimateDiv.3607,3607
http://stko-kwg.geog.ucsb.edu/lod/resource/noaaClimateDiv.3608,3608
http://stko-kwg.geog.ucsb.edu/lod/resource/noaaClimateDiv.3609,3609
http://stko-kwg.geog.ucsb.edu/lod/resource/noaaClimateDiv.3610,3610
http://stko-kwg.geog.ucsb.edu/lod/resource/noaaClimateDiv.3701,3701
http://stko-kwg.geog.ucsb.edu/lod/resource/noaaClimateDiv.3801,3801
http://stko-kwg.geog.ucsb.edu/lod/resource/noaaClimateDiv.3802,3802
http://stko-kwg.geog.ucsb.edu/lod/resource/noaaClimateDiv.3803,3803
http://stko-kwg.geog.ucsb.edu/lod/resource/noaaClimateDiv.3804,3804
http://stko-kwg.geog.ucsb.edu/lod/resource/noaaClimateDiv.3805,3805
http://stko-kwg.geog.ucsb.edu/lod/resource/noaaClimateDiv.3806,3806
http://stko-kwg.geog.ucsb.edu/lod/resource/noaaClimateDiv.3807,3807
http://stko-kwg.geog.ucsb.edu/lod/resource/noaaClimateDiv.3901,3901
http://stko-kwg.geog.ucsb.edu/lod/resource/noaaClimateDiv.3902,3902
http://stko-kwg.geog.ucsb.edu/lod/resource/noaaClimateDiv.3903,3903
http://stko-kwg.geog.ucsb.edu/lod/resource/noaaClimateDiv.3904,3904
http://stko-kwg.geog.ucsb.edu/lod/resource/noaaClimateDiv.3905,3905
http://stko-kwg.geog.ucsb.edu/lod/resource/noaaClimateDiv.3906,3906
http://stko-kwg.geog.ucsb.edu/lod/resource/noaaClimateDiv.3907,3907
http://stko-kwg.geog.ucsb.edu/lod/resource/noaaClimateDiv.3908,3908
http://stko-kwg.geog.ucsb.edu/lod/resource/noaaClimateDiv.3909,3909
http://stko-kwg.geog.ucsb.edu/lod/resource/noaaClimateDiv.4001,4001
http://stko-kwg.geog.ucsb.edu/lod/resource/noaaClimateDiv.4002,4002
http://stko-kwg.geog.ucsb.edu/lod/resource/noaaClimateDiv.4003,4003
http://stko-kwg.geog.ucsb.edu/lod/resource/noaaClimateDiv.4004,4004
http://stko-kwg.geog.ucsb.edu/lod/resource/noaaClimateDiv.401,401
http://stko-kwg.geog.ucsb.edu/lod/resource/noaaClimateDiv.402,402
http://stko-kwg.geog.ucsb.edu/lod/resource/noaaClimateDiv.403,403
http://stko-kwg.geog.ucsb.edu/lod/resource/noaaClimateDiv.404,404
http://stko-kwg.geog.ucsb.edu/lod/resource/noaaClimateDiv.405,405
http://stko-kwg.geog.ucsb.edu/lod/resource/noaaClimateDiv.406,406
http://stko-kwg.geog.ucsb.edu/lod/resource/noaaClimateDiv.407,407
http://stko-kwg.geog.ucsb.edu/lod/resource/noaaClimateDiv.4101,4101
http://stko-kwg.geog.ucsb.edu/lod/resource/noaaClimateDiv.4102,4102
http://stko-kwg.geog.ucsb.edu/lod/resource/noaaClimateDiv.4103,4103
http://stko-kwg.geog.ucsb.edu/lod/resource/noaaClimateDiv.4104,4104
http://stko-kwg.geog.ucsb.edu/lod/resource/noaaClimateDiv.4105,4105
http://stko-kwg.geog.ucsb.edu/lod/resource/noaaClimateDiv.4106,4106
http://stko-kwg.geog.ucsb.edu/lod/resource/noaaClimateDiv.4107,4107
http://stko-kwg.geog.ucsb.edu/lod/resource/noaaClimateDiv.4108,4108
http://stko-kwg.geog.ucsb.edu/lod/resource/noaaClimateDiv.4109,4109
http://stko-kwg.geog.ucsb.edu/lod/resource/noaaClimateDiv.4110,4110
http://stko-kwg.geog.ucsb.edu/lod/resource/noaaClimateDiv.4201,4201
http://stko-kwg.geog.ucsb.edu/lod/resource/noaaClimateDiv.4202,4202
http://stko-kwg.geog.ucsb.edu/lod/resource/noaaClimateDiv.4203,4203
http://stko-kwg.geog.ucsb.edu/lod/resource/noaaClimateDiv.4204,4204
http://stko-kwg.geog.ucsb.edu/lod/resource/noaaClimateDiv.4205,4205
http://stko-kwg.geog.ucsb.edu/lod/resource/noaaClimateDiv.4206,4206
http://stko-kwg.geog.ucsb.edu/lod/resource/noaaClimateDiv.4207,4207
http://stko-kwg.geog.ucsb.edu/lod/resource/noaaClimateDiv.4301,4301
http://stko-kwg.geog.ucsb.edu/lod/resource/noaaClimateDiv.4302,4302
http://stko-kwg.geog.ucsb.edu/lod/resource/noaaClimateDiv.4303,4303
http://stko-kwg.geog.ucsb.edu/lod/resource/noaaClimateDiv.4401,4401
http://stko-kwg.geog.ucsb.edu/lod/resource/noaaClimateDiv.4402,4402
http://stko-kwg.geog.ucsb.edu/lod/resource/noaaClimateDiv.4403,4403
http://stko-kwg.geog.ucsb.edu/lod/resource/noaaClimateDiv.4404,4404
http://stko-kwg.geog.ucsb.edu/lod/resource/noaaClimateDiv.4405,4405
http://stko-kwg.geog.ucsb.edu/lod/resource/noaaClimateDiv.4406,4406
http://stko-kwg.geog.ucsb.edu/lod/resource/noaaClimateDiv.4501,4501
http://stko-kwg.geog.ucsb.edu/lod/resource/noaaClimateDiv.4502,4502
http://stko-kwg.geog.ucsb.edu/lod/resource/noaaClimateDiv.4503,4503
http://stko-kwg.geog.ucsb.edu/lod/resource/noaaClimateDiv.4504,4504
http://stko-kwg.geog.ucsb.edu/lod/resource/noaaClimateDiv.4505,4505
http://stko-kwg.geog.ucsb.edu/lod/resource/noaaClimateDiv.4506,4506
http://stko-kwg.geog.ucsb.edu/lod/resource/noaaClimateDiv.4507,4507
http://stko-kwg.geog.ucsb.edu/lod/resource/noaaClimateDiv.4508,4508
http://stko-kwg.geog.ucsb.edu/lod/resource/noaaClimateDiv.4509,4509
http://stko-kwg.geog.ucsb.edu/lod/resource/noaaClimateDiv.4510,4510
http://stko-kwg.geog.ucsb.edu/lod/resource/noaaClimateDiv.4601,4601
http://stko-kwg.geog.ucsb.edu/lod/resource/noaaClimateDiv.4602,4602
http://stko-kwg.geog.ucsb.edu/lod/resource/noaaClimateDiv.4603,4603
http://stko-kwg.geog.ucsb.edu/lod/resource/noaaClimateDiv.4604,4604
http://stko-kwg.geog.ucsb.edu/lod/resource/noaaClimateDiv.4605,4605
http://stko-kwg.geog.ucsb.edu/lod/resource/noaaClimateDiv.4606,4606
http://stko-kwg.geog.ucsb.edu/lod/resource/noaaClimateDiv.4701,4701
http://stko-kwg.geog.ucsb.edu/lod/resource/noaaClimateDiv.4702,4702
http://stko-kwg.geog.ucsb.edu/lod/resource/noaaClimateDiv.4703,4703
http://stko-kwg.geog.ucsb.edu/lod/resource/noaaClimateDiv.4704,4704
http://stko-kwg.geog.ucsb.edu/lod/resource/noaaClimateDiv.4705,4705
http://stko-kwg.geog.ucsb.edu/lod/resource/noaaClimateDiv.4706,4706
http://stko-kwg.geog.ucsb.edu/lod/resource/noaaClimateDiv.4707,4707
http://stko-kwg.geog.ucsb.edu/lod/resource/noaaClimateDiv.4708,4708
http://stko-kwg.geog.ucsb.edu/lod/resource/noaaClimateDiv.4709,4709
http://stko-kwg.geog.ucsb.edu/lod/resource/noaaClimateDiv.4801,4801
http://stko-kwg.geog.ucsb.edu/lod/resource/noaaClimateDiv.4802,4802
http://stko-kwg.geog.ucsb.edu/lod/resource/noaaClimateDiv.4803,4803
http://stko-kwg.geog.ucsb.edu/lod/resource/noaaClimateDiv.4804,4804
http://stko-kwg.geog.ucsb.edu/lod/resource/noaaClimateDiv.4805,4805
http://stko-kwg.geog.ucsb.edu/lod/resource/noaaClimateDiv.4806,4806
http://stko-kwg.geog.ucsb.edu/lod/resource/noaaClimateDiv.4807,4807
http://stko-kwg.geog.ucsb.edu/lod/resource/noaaClimateDiv.4808,4808
http://stko-kwg.geog.ucsb.edu/lod/resource/noaaClimateDiv.4809,4809
http://stko-kwg.geog.ucsb.edu/lod/resource/noaaClimateDiv.4810,4810
http://stko-kwg.geog.ucsb.edu/lod/resource/noaaClimateDiv.501,501
http://stko-kwg.geog.ucsb.edu/lod/resource/noaaClimateDiv.502,502
http://stko-kwg.geog.ucsb.edu/lod/resource/noaaClimateDiv.503,503
http://stko-kwg.geog.ucsb.edu/lod/resource/noaaClimateDiv.504,504
http://stko-kwg.geog.ucsb.edu/lod/resource/noaaClimateDiv.505,505
http://stko-kwg.geog.ucsb.edu/lod/resource/noaaClimateDiv.601,601
http://stko-kwg.geog.ucsb.edu/lod/resource/noaaClimateDiv.602,602
http://stko-kwg.geog.ucsb.edu/lod/resource/noaaClimateDiv.603,603
http://stko-kwg.geog.ucsb.edu/lod/resource/noaaClimateDiv.701,701
http://stko-kwg.geog.ucsb.edu/lod/resource/noaaClimateDiv.702,702
http://stko-kwg.geog.ucsb.edu/lod/resource/noaaClimateDiv.801,801
http://stko-kwg.geog.ucsb.edu/lod/resource/noaaClimateDiv.802,802
http://stko-kwg.geog.ucsb.edu/lod/resource/noaaClimateDiv.803,803
http://stko-kwg.geog.ucsb.edu/lod/resource/noaaClimateDiv.804,804
http://stko-kwg.geog.ucsb.edu/lod/resource/noaaClimateDiv.805,805
http://stko-kwg.geog.ucsb.edu/lod/resource/noaaClimateDiv.806,806
http://stko-kwg.geog.ucsb.edu/lod/resource/noaaClimateDiv.807,807
http://stko-kwg.geog.ucsb.edu/lod/resource/noaaClimateDiv.901,901
http://stko-kwg.geog.ucsb.edu/lod/resource/noaaClimateDiv.902,902
http://stko-kwg.geog.ucsb.edu/lod/resource/noaaClimateDiv.903,903
http://stko-kwg.geog.ucsb.edu/lod/resource/noaaClimateDiv.904,904
http://stko-kwg.geog.ucsb.edu/lod/resource/noaaClimateDiv.905,905
http://stko-kwg.geog.ucsb.edu/lod/resource/noaaClimateDiv.906,906
http://stko-kwg.geog.ucsb.edu/lod/resource/noaaClimateDiv.907,907
http://stko-kwg.geog.ucsb.edu/lod/resource/noaaClimateDiv.908,908
http://stko-kwg.geog.ucsb.edu/lod/resource/noaaClimateDiv.909,909
